Feature,Beta_Pre_Reg (Lineal),Beta_Post_Reg (ElasticNet)
PC1,1.52704755843632,1.481410586791877
PC2,76.80187273575835,76.53882372760631
PC3,0.73146243318992,0.6477539955460123
PC4,-0.13431870444893723,-0.052146705102173556
PC5,0.33192511469180147,0.24926058553876504
